timestamp,hour,price_eur_mwh,bess_power_mw,soc_mwh,revenue_eur
2026-08-01 00:00:00,0,68.72,7.504665215717488,2.0,515.7205936241057
2026-08-01 01:00:00,1,61.81,0.0,2.0,0.0
2026-08-01 02:00:00,2,66.27,0.0,2.0,0.0
2026-08-01 03:00:00,3,71.45,4.165926057296536e-16,1.9999999999999996,2.976554167938375e-14
2026-08-01 04:00:00,4,55.59,0.0,1.9999999999999996,0.0
2026-08-01 05:00:00,5,53.81,0.0,1.9999999999999996,0.0
2026-08-01 06:00:00,6,31.51,0.0,1.9999999999999996,0.0
2026-08-01 07:00:00,7,0.86,0.0,1.9999999999999996,0.0
2026-08-01 08:00:00,8,-30.46,0.0,1.9999999999999996,-0.0
2026-08-01 09:00:00,9,-40.26,0.0,1.9999999999999996,-0.0
2026-08-01 10:00:00,10,-62.01,0.0,1.9999999999999996,-0.0
2026-08-01 11:00:00,11,-71.04,0.0,1.9999999999999996,-0.0
2026-08-01 12:00:00,12,-69.41,0.0,1.9999999999999996,-0.0
2026-08-01 13:00:00,13,-85.59,-10.0,11.38083151964686,855.9000000000001
2026-08-01 14:00:00,14,-78.02,-9.188064472004939,20.0,716.8527901058253
2026-08-01 15:00:00,15,-57.96,0.0,20.0,-0.0
2026-08-01 16:00:00,16,-46.59,0.0,20.0,-0.0
2026-08-01 17:00:00,17,-17.43,0.0,20.0,-0.0
2026-08-01 18:00:00,18,-5.9,0.0,20.0,-0.0
2026-08-01 19:00:00,19,24.07,0.0,20.0,0.0
2026-08-01 20:00:00,20,46.14,0.0,20.0,0.0
2026-08-01 21:00:00,21,31.73,0.0,20.0,0.0
2026-08-01 22:00:00,22,33.29,0.0,20.0,0.0
2026-08-01 23:00:00,23,20.66,0.0,20.0,0.0
2026-08-02 00:00:00,0,27.09,0.0,20.0,0.0
2026-08-02 01:00:00,1,31.81,0.0,20.0,0.0
2026-08-02 02:00:00,2,21.29,0.0,20.0,0.0
2026-08-02 03:00:00,3,33.18,0.0,20.0,0.0
2026-08-02 04:00:00,4,25.13,0.0,20.0,0.0
2026-08-02 05:00:00,5,27.46,0.0,20.0,0.0
2026-08-02 06:00:00,6,-10.11,0.0,20.0,-0.0
2026-08-02 07:00:00,7,-12.85,0.0,20.0,-0.0
2026-08-02 08:00:00,8,-47.36,0.0,20.0,-0.0
2026-08-02 09:00:00,9,-71.71,0.0,20.0,-0.0
2026-08-02 10:00:00,10,-68.42,0.0,20.0,-0.0
2026-08-02 11:00:00,11,-91.78,0.0,20.0,-0.0
2026-08-02 12:00:00,12,-82.34,0.0,20.0,-0.0
2026-08-02 13:00:00,13,-96.55,0.0,20.0,-0.0
2026-08-02 14:00:00,14,-83.34,0.0,20.0,-0.0
2026-08-02 15:00:00,15,-58.26,0.0,20.0,-0.0
2026-08-02 16:00:00,16,-36.8,0.0,20.0,-0.0
2026-08-02 17:00:00,17,-20.64,0.0,20.0,-0.0
2026-08-02 18:00:00,18,0.53,0.0,20.0,0.0
2026-08-02 19:00:00,19,35.21,0.0,20.0,0.0
2026-08-02 20:00:00,20,26.99,0.0,20.0,0.0
2026-08-02 21:00:00,21,34.32,0.0,20.0,0.0
2026-08-02 22:00:00,22,37.73,10.0,9.339964182219479,377.29999999999995
2026-08-02 23:00:00,23,51.27,6.885496735364347,2.0,353.0194176221301
2026-08-03 00:00:00,0,78.53,0.0,2.0,0.0
2026-08-03 01:00:00,1,63.19,0.0,2.0,0.0
2026-08-03 02:00:00,2,81.45,0.0,2.0,0.0
2026-08-03 03:00:00,3,77.4,0.0,2.0,0.0
2026-08-03 04:00:00,4,76.72,0.0,2.0,0.0
2026-08-03 05:00:00,5,88.73,0.0,2.0,0.0
2026-08-03 06:00:00,6,58.77,0.0,2.0,0.0
2026-08-03 07:00:00,7,40.03,0.0,2.0,0.0
2026-08-03 08:00:00,8,10.45,0.0,2.0,0.0
2026-08-03 09:00:00,9,2.43,0.0,2.0,0.0
2026-08-03 10:00:00,10,-1.05,0.0,2.0,-0.0
2026-08-03 11:00:00,11,-0.47,0.0,2.0,-0.0
2026-08-03 12:00:00,12,-12.43,-10.0,11.38083151964686,124.3
2026-08-03 13:00:00,13,-6.09,-9.188064472004939,20.0,55.95531263451008
2026-08-03 14:00:00,14,-5.22,0.0,20.0,-0.0
2026-08-03 15:00:00,15,6.3,0.0,20.0,0.0
2026-08-03 16:00:00,16,38.24,0.0,20.0,0.0
2026-08-03 17:00:00,17,61.57,0.0,20.0,0.0
2026-08-03 18:00:00,18,71.6,0.0,20.0,0.0
2026-08-03 19:00:00,19,116.98,10.0,9.339964182219479,1169.8
2026-08-03 20:00:00,20,113.54,0.0,9.339964182219479,0.0
2026-08-03 21:00:00,21,107.14,0.0,9.339964182219479,0.0
2026-08-03 22:00:00,22,116.8,0.0,9.339964182219479,0.0
2026-08-03 23:00:00,23,127.77,6.885496735364347,2.0,879.7599178775026
2026-08-04 00:00:00,0,116.68,0.0,2.0,0.0
2026-08-04 01:00:00,1,130.94,4.165926057296536e-16,1.9999999999999996,5.454863579424084e-14
2026-08-04 02:00:00,2,98.85,0.0,1.9999999999999996,0.0
2026-08-04 03:00:00,3,127.71,0.0,1.9999999999999996,0.0
2026-08-04 04:00:00,4,123.09,0.0,1.9999999999999996,0.0
2026-08-04 05:00:00,5,121.18,0.0,1.9999999999999996,0.0
2026-08-04 06:00:00,6,90.37,0.0,1.9999999999999996,0.0
2026-08-04 07:00:00,7,55.06,0.0,1.9999999999999996,0.0
2026-08-04 08:00:00,8,52.96,0.0,1.9999999999999996,0.0
2026-08-04 09:00:00,9,44.37,0.0,1.9999999999999996,0.0
2026-08-04 10:00:00,10,43.7,0.0,1.9999999999999996,0.0
2026-08-04 11:00:00,11,22.01,-10.0,11.38083151964686,-220.10000000000002
2026-08-04 12:00:00,12,18.13,-9.188064472004939,20.0,-166.57960887744954
2026-08-04 13:00:00,13,23.26,0.0,20.0,0.0
2026-08-04 14:00:00,14,41.42,0.0,20.0,0.0
2026-08-04 15:00:00,15,47.47,0.0,20.0,0.0
2026-08-04 16:00:00,16,54.89,0.0,20.0,0.0
2026-08-04 17:00:00,17,80.57,0.0,20.0,0.0
2026-08-04 18:00:00,18,96.98,0.0,20.0,0.0
2026-08-04 19:00:00,19,138.94,10.0,9.339964182219479,1389.4
2026-08-04 20:00:00,20,125.42,0.0,9.339964182219479,0.0
2026-08-04 21:00:00,21,128.16,0.0,9.339964182219479,0.0
2026-08-04 22:00:00,22,127.3,0.0,9.339964182219479,0.0
2026-08-04 23:00:00,23,118.29,0.0,9.339964182219479,0.0
2026-08-05 00:00:00,0,131.83,6.885496735364347,2.0,907.7150346230819
2026-08-05 01:00:00,1,130.92,4.165926057296536e-16,1.9999999999999996,5.4540303942126244e-14
2026-08-05 02:00:00,2,128.16,0.0,1.9999999999999996,0.0
2026-08-05 03:00:00,3,125.44,0.0,1.9999999999999996,0.0
2026-08-05 04:00:00,4,115.11,0.0,1.9999999999999996,0.0
2026-08-05 05:00:00,5,122.1,0.0,1.9999999999999996,0.0
2026-08-05 06:00:00,6,86.62,0.0,1.9999999999999996,0.0
2026-08-05 07:00:00,7,62.12,0.0,1.9999999999999996,0.0
2026-08-05 08:00:00,8,48.84,0.0,1.9999999999999996,0.0
2026-08-05 09:00:00,9,38.03,0.0,1.9999999999999996,0.0
2026-08-05 10:00:00,10,38.12,0.0,1.9999999999999996,0.0
2026-08-05 11:00:00,11,16.62,0.0,1.9999999999999996,0.0
2026-08-05 12:00:00,12,13.66,0.0,1.9999999999999996,0.0
2026-08-05 13:00:00,13,11.64,-10.0,11.38083151964686,-116.4
2026-08-05 14:00:00,14,1.72,-9.188064472004939,20.0,-15.803470891848495
2026-08-05 15:00:00,15,25.66,0.0,20.0,0.0
2026-08-05 16:00:00,16,38.76,0.0,20.0,0.0
2026-08-05 17:00:00,17,73.48,0.0,20.0,0.0
2026-08-05 18:00:00,18,70.2,0.0,20.0,0.0
2026-08-05 19:00:00,19,107.44,0.0,20.0,0.0
2026-08-05 20:00:00,20,102.96,0.0,20.0,0.0
2026-08-05 21:00:00,21,92.08,0.0,20.0,0.0
2026-08-05 22:00:00,22,108.75,0.0,20.0,0.0
2026-08-05 23:00:00,23,103.79,0.0,20.0,0.0
2026-08-06 00:00:00,0,102.27,0.0,20.0,0.0
2026-08-06 01:00:00,1,86.84,0.0,20.0,0.0
2026-08-06 02:00:00,2,103.5,10.0,9.339964182219479,1035.0
2026-08-06 03:00:00,3,79.25,0.0,9.339964182219479,0.0
2026-08-06 04:00:00,4,93.36,0.0,9.339964182219479,0.0
2026-08-06 05:00:00,5,104.41,6.885496735364347,2.0,718.9147141393914
2026-08-06 06:00:00,6,42.16,0.0,2.0,0.0
2026-08-06 07:00:00,7,24.13,0.0,2.0,0.0
2026-08-06 08:00:00,8,10.56,0.0,2.0,0.0
2026-08-06 09:00:00,9,-9.98,0.0,2.0,-0.0
2026-08-06 10:00:00,10,-30.38,0.0,2.0,-0.0
2026-08-06 11:00:00,11,-25.38,0.0,2.0,-0.0
2026-08-06 12:00:00,12,-38.09,-10.0,11.38083151964686,380.90000000000003
2026-08-06 13:00:00,13,-25.09,0.0,11.38083151964686,-0.0
2026-08-06 14:00:00,14,-31.21,-9.188064472004939,20.0,286.75949217127413
2026-08-06 15:00:00,15,-2.36,0.0,20.0,-0.0
2026-08-06 16:00:00,16,-8.21,0.0,20.0,-0.0
2026-08-06 17:00:00,17,11.51,0.0,20.0,0.0
2026-08-06 18:00:00,18,39.19,0.0,20.0,0.0
2026-08-06 19:00:00,19,56.86,0.0,20.0,0.0
2026-08-06 20:00:00,20,67.58,0.0,20.0,0.0
2026-08-06 21:00:00,21,75.36,0.0,20.0,0.0
2026-08-06 22:00:00,22,51.27,0.0,20.0,0.0
2026-08-06 23:00:00,23,64.92,0.0,20.0,0.0
2026-08-07 00:00:00,0,64.93,0.0,20.0,0.0
2026-08-07 01:00:00,1,68.6,0.0,20.0,0.0
2026-08-07 02:00:00,2,52.04,0.0,20.0,0.0
2026-08-07 03:00:00,3,51.06,0.0,20.0,0.0
2026-08-07 04:00:00,4,65.58,0.0,20.0,0.0
2026-08-07 05:00:00,5,63.66,0.0,20.0,0.0
2026-08-07 06:00:00,6,28.21,0.0,20.0,0.0
2026-08-07 07:00:00,7,9.34,0.0,20.0,0.0
2026-08-07 08:00:00,8,-15.91,0.0,20.0,-0.0
2026-08-07 09:00:00,9,-22.41,0.0,20.0,-0.0
2026-08-07 10:00:00,10,-31.99,0.0,20.0,-0.0
2026-08-07 11:00:00,11,-46.01,0.0,20.0,-0.0
2026-08-07 12:00:00,12,-26.99,0.0,20.0,-0.0
2026-08-07 13:00:00,13,-35.33,0.0,20.0,-0.0
2026-08-07 14:00:00,14,-41.52,0.0,20.0,-0.0
2026-08-07 15:00:00,15,-15.51,0.0,20.0,-0.0
2026-08-07 16:00:00,16,-13.6,0.0,20.0,-0.0
2026-08-07 17:00:00,17,18.67,0.0,20.0,0.0
2026-08-07 18:00:00,18,42.4,0.0,20.0,0.0
2026-08-07 19:00:00,19,62.75,0.0,20.0,0.0
2026-08-07 20:00:00,20,78.23,0.0,20.0,0.0
2026-08-07 21:00:00,21,75.1,0.0,20.0,0.0
2026-08-07 22:00:00,22,79.72,10.0,9.339964182219479,797.2
2026-08-07 23:00:00,23,89.73,6.885496735364347,2.0,617.8356220642429
2026-08-08 00:00:00,0,42.56,0.0,2.0,0.0
2026-08-08 01:00:00,1,40.02,0.0,2.0,0.0
2026-08-08 02:00:00,2,40.51,0.0,2.0,0.0
2026-08-08 03:00:00,3,42.72,0.0,2.0,0.0
2026-08-08 04:00:00,4,50.3,0.0,2.0,0.0
2026-08-08 05:00:00,5,55.35,0.0,2.0,0.0
2026-08-08 06:00:00,6,21.52,0.0,2.0,0.0
2026-08-08 07:00:00,7,5.27,0.0,2.0,0.0
2026-08-08 08:00:00,8,-19.18,0.0,2.0,-0.0
2026-08-08 09:00:00,9,-22.09,0.0,2.0,-0.0
2026-08-08 10:00:00,10,-46.1,-10.0,11.38083151964686,461.0
2026-08-08 11:00:00,11,-27.85,0.0,11.38083151964686,-0.0
2026-08-08 12:00:00,12,-45.29,0.0,11.38083151964686,-0.0
2026-08-08 13:00:00,13,-52.8,-9.188064472004939,20.0,485.12980412186073
2026-08-08 14:00:00,14,-45.23,0.0,20.0,-0.0
2026-08-08 15:00:00,15,-18.89,0.0,20.0,-0.0
2026-08-08 16:00:00,16,-6.5,0.0,20.0,-0.0
2026-08-08 17:00:00,17,22.51,0.0,20.0,0.0
2026-08-08 18:00:00,18,44.75,0.0,20.0,0.0
2026-08-08 19:00:00,19,77.15,0.0,20.0,0.0
2026-08-08 20:00:00,20,72.65,0.0,20.0,0.0
2026-08-08 21:00:00,21,68.95,0.0,20.0,0.0
2026-08-08 22:00:00,22,79.1,10.0,9.339964182219479,791.0
2026-08-08 23:00:00,23,91.07,6.885496735364347,2.0,627.0621876896311
2026-08-09 00:00:00,0,87.43,0.0,2.0,0.0
2026-08-09 01:00:00,1,77.19,0.0,2.0,0.0
2026-08-09 02:00:00,2,89.92,0.0,2.0,0.0
2026-08-09 03:00:00,3,92.93,0.0,2.0,0.0
2026-08-09 04:00:00,4,84.02,0.0,2.0,0.0
2026-08-09 05:00:00,5,93.49,0.0,2.0,0.0
2026-08-09 06:00:00,6,58.78,0.0,2.0,0.0
2026-08-09 07:00:00,7,27.77,0.0,2.0,0.0
2026-08-09 08:00:00,8,20.98,0.0,2.0,0.0
2026-08-09 09:00:00,9,7.21,0.0,2.0,0.0
2026-08-09 10:00:00,10,0.06,0.0,2.0,0.0
2026-08-09 11:00:00,11,-6.94,0.0,2.0,-0.0
2026-08-09 12:00:00,12,-28.33,-10.0,11.38083151964686,283.29999999999995
2026-08-09 13:00:00,13,-21.8,-9.188064472004939,20.0,200.29980548970767
2026-08-09 14:00:00,14,-2.32,0.0,20.0,-0.0
2026-08-09 15:00:00,15,10.07,0.0,20.0,0.0
2026-08-09 16:00:00,16,26.53,0.0,20.0,0.0
2026-08-09 17:00:00,17,73.08,0.0,20.0,0.0
2026-08-09 18:00:00,18,69.27,0.0,20.0,0.0
2026-08-09 19:00:00,19,108.75,10.0,9.339964182219479,1087.5
2026-08-09 20:00:00,20,107.13,6.885496735364347,2.0,737.6432652595824
2026-08-09 21:00:00,21,104.44,0.0,2.0,0.0
2026-08-09 22:00:00,22,96.35,0.0,2.0,0.0
2026-08-09 23:00:00,23,104.48,0.0,2.0,0.0
2026-08-10 00:00:00,0,123.18,0.0,2.0,0.0
2026-08-10 01:00:00,1,126.83,0.0,2.0,0.0
2026-08-10 02:00:00,2,124.11,0.0,2.0,0.0
2026-08-10 03:00:00,3,127.83,4.165926057296536e-16,1.9999999999999996,5.3253032790421616e-14
2026-08-10 04:00:00,4,144.79,0.0,1.9999999999999996,0.0
2026-08-10 05:00:00,5,110.35,0.0,1.9999999999999996,0.0
2026-08-10 06:00:00,6,94.67,0.0,1.9999999999999996,0.0
2026-08-10 07:00:00,7,55.44,0.0,1.9999999999999996,0.0
2026-08-10 08:00:00,8,46.15,0.0,1.9999999999999996,0.0
2026-08-10 09:00:00,9,43.29,0.0,1.9999999999999996,0.0
2026-08-10 10:00:00,10,23.32,0.0,1.9999999999999996,0.0
2026-08-10 11:00:00,11,6.36,-10.0,11.38083151964686,-63.6
2026-08-10 12:00:00,12,5.63,-9.188064472004939,20.0,-51.72880297738781
2026-08-10 13:00:00,13,17.42,0.0,20.0,0.0
2026-08-10 14:00:00,14,10.96,0.0,20.0,0.0
2026-08-10 15:00:00,15,27.33,0.0,20.0,0.0
2026-08-10 16:00:00,16,38.36,0.0,20.0,0.0
2026-08-10 17:00:00,17,48.28,0.0,20.0,0.0
2026-08-10 18:00:00,18,88.6,0.0,20.0,0.0
2026-08-10 19:00:00,19,109.8,0.0,20.0,0.0
2026-08-10 20:00:00,20,86.74,0.0,20.0,0.0
2026-08-10 21:00:00,21,102.62,0.0,20.0,0.0
2026-08-10 22:00:00,22,94.01,0.0,20.0,0.0
2026-08-10 23:00:00,23,104.29,0.0,20.0,0.0
2026-08-11 00:00:00,0,89.3,0.0,20.0,0.0
2026-08-11 01:00:00,1,92.89,0.0,20.0,0.0
2026-08-11 02:00:00,2,96.02,10.0,9.339964182219479,960.1999999999999
2026-08-11 03:00:00,3,97.09,6.885496735364347,2.0,668.5128780365245
2026-08-11 04:00:00,4,78.76,0.0,2.0,0.0
2026-08-11 05:00:00,5,83.91,0.0,2.0,0.0
2026-08-11 06:00:00,6,45.99,0.0,2.0,0.0
2026-08-11 07:00:00,7,23.15,0.0,2.0,0.0
2026-08-11 08:00:00,8,23.61,0.0,2.0,0.0
2026-08-11 09:00:00,9,-2.98,0.0,2.0,-0.0
2026-08-11 10:00:00,10,-28.32,-10.0,11.38083151964686,283.2
2026-08-11 11:00:00,11,-18.84,0.0,11.38083151964686,-0.0
2026-08-11 12:00:00,12,-12.86,0.0,11.38083151964686,-0.0
2026-08-11 13:00:00,13,-20.85,0.0,11.38083151964686,-0.0
2026-08-11 14:00:00,14,-36.24,-9.188064472004939,20.0,332.975456465459
2026-08-11 15:00:00,15,-18.84,0.0,20.0,-0.0
2026-08-11 16:00:00,16,7.99,0.0,20.0,0.0
2026-08-11 17:00:00,17,8.23,0.0,20.0,0.0
2026-08-11 18:00:00,18,36.06,0.0,20.0,0.0
2026-08-11 19:00:00,19,72.74,0.0,20.0,0.0
2026-08-11 20:00:00,20,58.2,0.0,20.0,0.0
2026-08-11 21:00:00,21,64.29,0.0,20.0,0.0
2026-08-11 22:00:00,22,38.08,0.0,20.0,0.0
2026-08-11 23:00:00,23,55.15,0.0,20.0,0.0
2026-08-12 00:00:00,0,60.74,0.0,20.0,0.0
2026-08-12 01:00:00,1,52.29,0.0,20.0,0.0
2026-08-12 02:00:00,2,74.94,0.0,20.0,0.0
2026-08-12 03:00:00,3,50.14,0.0,20.0,0.0
2026-08-12 04:00:00,4,57.86,0.0,20.0,0.0
2026-08-12 05:00:00,5,62.31,0.0,20.0,0.0
2026-08-12 06:00:00,6,37.74,0.0,20.0,0.0
2026-08-12 07:00:00,7,-4.89,0.0,20.0,-0.0
2026-08-12 08:00:00,8,-1.12,0.0,20.0,-0.0
2026-08-12 09:00:00,9,-24.14,0.0,20.0,-0.0
2026-08-12 10:00:00,10,-42.12,0.0,20.0,-0.0
2026-08-12 11:00:00,11,-36.51,0.0,20.0,-0.0
2026-08-12 12:00:00,12,-40.22,0.0,20.0,-0.0
2026-08-12 13:00:00,13,-43.81,0.0,20.0,-0.0
2026-08-12 14:00:00,14,-31.31,0.0,20.0,-0.0
2026-08-12 15:00:00,15,-23.7,0.0,20.0,-0.0
2026-08-12 16:00:00,16,-4.74,0.0,20.0,-0.0
2026-08-12 17:00:00,17,17.84,0.0,20.0,0.0
2026-08-12 18:00:00,18,46.0,0.0,20.0,0.0
2026-08-12 19:00:00,19,59.61,0.0,20.0,0.0
2026-08-12 20:00:00,20,87.79,10.0,9.339964182219479,877.9000000000001
2026-08-12 21:00:00,21,56.4,0.0,9.339964182219479,0.0
2026-08-12 22:00:00,22,72.16,0.0,9.339964182219479,0.0
2026-08-12 23:00:00,23,79.5,6.885496735364347,2.0,547.3969904614656
2026-08-13 00:00:00,0,78.52,0.0,2.0,0.0
2026-08-13 01:00:00,1,72.83,0.0,2.0,0.0
2026-08-13 02:00:00,2,77.73,0.0,2.0,0.0
2026-08-13 03:00:00,3,77.08,0.0,2.0,0.0
2026-08-13 04:00:00,4,77.98,0.0,2.0,0.0
2026-08-13 05:00:00,5,91.2,0.0,2.0,0.0
2026-08-13 06:00:00,6,53.96,0.0,2.0,0.0
2026-08-13 07:00:00,7,27.63,0.0,2.0,0.0
2026-08-13 08:00:00,8,24.96,0.0,2.0,0.0
2026-08-13 09:00:00,9,7.97,0.0,2.0,0.0
2026-08-13 10:00:00,10,3.41,0.0,2.0,0.0
2026-08-13 11:00:00,11,-2.62,0.0,2.0,-0.0
2026-08-13 12:00:00,12,-14.62,-10.0,11.38083151964686,146.2
2026-08-13 13:00:00,13,-8.47,-9.188064472004939,20.0,77.82290607788184
2026-08-13 14:00:00,14,10.22,0.0,20.0,0.0
2026-08-13 15:00:00,15,21.35,0.0,20.0,0.0
2026-08-13 16:00:00,16,32.17,0.0,20.0,0.0
2026-08-13 17:00:00,17,52.25,0.0,20.0,0.0
2026-08-13 18:00:00,18,82.98,0.0,20.0,0.0
2026-08-13 19:00:00,19,104.79,0.0,20.0,0.0
2026-08-13 20:00:00,20,115.58,10.0,9.339964182219479,1155.8
2026-08-13 21:00:00,21,111.22,0.0,9.339964182219479,0.0
2026-08-13 22:00:00,22,112.69,0.0,9.339964182219479,0.0
2026-08-13 23:00:00,23,124.76,6.885496735364347,2.0,859.034572704056
2026-08-14 00:00:00,0,124.06,0.0,2.0,0.0
2026-08-14 01:00:00,1,125.4,0.0,2.0,0.0
2026-08-14 02:00:00,2,130.7,0.0,2.0,0.0
2026-08-14 03:00:00,3,121.73,0.0,2.0,0.0
2026-08-14 04:00:00,4,128.25,0.0,2.0,0.0
2026-08-14 05:00:00,5,121.47,0.0,2.0,0.0
2026-08-14 06:00:00,6,92.58,0.0,2.0,0.0
2026-08-14 07:00:00,7,70.25,0.0,2.0,0.0
2026-08-14 08:00:00,8,55.79,0.0,2.0,0.0
2026-08-14 09:00:00,9,46.54,0.0,2.0,0.0
2026-08-14 10:00:00,10,25.57,0.0,2.0,0.0
2026-08-14 11:00:00,11,43.11,0.0,2.0,0.0
2026-08-14 12:00:00,12,16.73,-10.0,11.38083151964686,-167.3
2026-08-14 13:00:00,13,17.71,-9.188064472004939,20.0,-162.72062179920746
2026-08-14 14:00:00,14,43.48,0.0,20.0,0.0
2026-08-14 15:00:00,15,51.26,0.0,20.0,0.0
2026-08-14 16:00:00,16,64.18,0.0,20.0,0.0
2026-08-14 17:00:00,17,81.51,0.0,20.0,0.0
2026-08-14 18:00:00,18,96.09,0.0,20.0,0.0
2026-08-14 19:00:00,19,123.97,0.0,20.0,0.0
2026-08-14 20:00:00,20,131.57,10.0,9.339964182219479,1315.6999999999998
2026-08-14 21:00:00,21,125.26,0.0,9.339964182219479,0.0
2026-08-14 22:00:00,22,138.1,6.885496735364347,2.0,950.8870991538163
2026-08-14 23:00:00,23,128.65,0.0,2.0,0.0
2026-08-15 00:00:00,0,91.16,0.0,2.0,0.0
2026-08-15 01:00:00,1,94.54,0.0,2.0,0.0
2026-08-15 02:00:00,2,99.67,4.165926057296536e-16,1.9999999999999996,4.152178501307458e-14
2026-08-15 03:00:00,3,91.02,0.0,1.9999999999999996,0.0
2026-08-15 04:00:00,4,88.04,0.0,1.9999999999999996,0.0
2026-08-15 05:00:00,5,95.57,0.0,1.9999999999999996,0.0
2026-08-15 06:00:00,6,59.46,0.0,1.9999999999999996,0.0
2026-08-15 07:00:00,7,29.87,0.0,1.9999999999999996,0.0
2026-08-15 08:00:00,8,9.2,0.0,1.9999999999999996,0.0
2026-08-15 09:00:00,9,-2.71,0.0,1.9999999999999996,-0.0
2026-08-15 10:00:00,10,-29.61,0.0,1.9999999999999996,-0.0
2026-08-15 11:00:00,11,-38.16,-10.0,11.38083151964686,381.59999999999997
2026-08-15 12:00:00,12,-36.65,-9.188064472004939,20.0,336.742562898981
2026-08-15 13:00:00,13,-31.63,0.0,20.0,-0.0
2026-08-15 14:00:00,14,-21.57,0.0,20.0,-0.0
2026-08-15 15:00:00,15,-1.8,0.0,20.0,-0.0
2026-08-15 16:00:00,16,7.82,0.0,20.0,0.0
2026-08-15 17:00:00,17,17.7,0.0,20.0,0.0
2026-08-15 18:00:00,18,39.5,0.0,20.0,0.0
2026-08-15 19:00:00,19,64.91,0.0,20.0,0.0
2026-08-15 20:00:00,20,70.99,0.0,20.0,0.0
2026-08-15 21:00:00,21,67.02,0.0,20.0,0.0
2026-08-15 22:00:00,22,70.08,0.0,20.0,0.0
2026-08-15 23:00:00,23,59.05,0.0,20.0,0.0
2026-08-16 00:00:00,0,67.99,10.0,9.339964182219479,679.9
2026-08-16 01:00:00,1,74.26,6.885496735364347,2.0,511.31698756815643
2026-08-16 02:00:00,2,59.31,0.0,2.0,0.0
2026-08-16 03:00:00,3,61.58,0.0,2.0,0.0
2026-08-16 04:00:00,4,62.09,0.0,2.0,0.0
2026-08-16 05:00:00,5,51.59,0.0,2.0,0.0
2026-08-16 06:00:00,6,19.8,0.0,2.0,0.0
2026-08-16 07:00:00,7,-6.03,0.0,2.0,-0.0
2026-08-16 08:00:00,8,-26.76,0.0,2.0,-0.0
2026-08-16 09:00:00,9,-51.6,0.0,2.0,-0.0
2026-08-16 10:00:00,10,-58.89,0.0,2.0,-0.0
2026-08-16 11:00:00,11,-64.1,-10.0,11.38083151964686,641.0
2026-08-16 12:00:00,12,-60.47,0.0,11.38083151964686,-0.0
2026-08-16 13:00:00,13,-63.31,-9.188064472004939,20.0,581.6963617226327
2026-08-16 14:00:00,14,-47.67,0.0,20.0,-0.0
2026-08-16 15:00:00,15,-60.24,0.0,20.0,-0.0
2026-08-16 16:00:00,16,-32.11,0.0,20.0,-0.0
2026-08-16 17:00:00,17,-19.04,0.0,20.0,-0.0
2026-08-16 18:00:00,18,18.35,0.0,20.0,0.0
2026-08-16 19:00:00,19,28.42,0.0,20.0,0.0
2026-08-16 20:00:00,20,27.25,0.0,20.0,0.0
2026-08-16 21:00:00,21,28.34,0.0,20.0,0.0
2026-08-16 22:00:00,22,15.4,0.0,20.0,0.0
2026-08-16 23:00:00,23,27.53,0.0,20.0,0.0
2026-08-17 00:00:00,0,56.6,0.0,20.0,0.0
2026-08-17 01:00:00,1,63.41,0.0,20.0,0.0
2026-08-17 02:00:00,2,64.56,0.0,20.0,0.0
2026-08-17 03:00:00,3,76.55,10.0,9.339964182219479,765.5
2026-08-17 04:00:00,4,68.96,0.0,9.339964182219479,0.0
2026-08-17 05:00:00,5,56.64,0.0,9.339964182219479,0.0
2026-08-17 06:00:00,6,19.03,0.0,9.339964182219479,0.0
2026-08-17 07:00:00,7,10.55,0.0,9.339964182219479,0.0
2026-08-17 08:00:00,8,-20.95,0.0,9.339964182219479,-0.0
2026-08-17 09:00:00,9,-9.51,0.0,9.339964182219479,-0.0
2026-08-17 10:00:00,10,-24.76,0.0,9.339964182219479,-0.0
2026-08-17 11:00:00,11,-43.88,-10.0,18.720795701866336,438.8
2026-08-17 12:00:00,12,-55.42,-1.3636363636363646,20.0,75.57272727272733
2026-08-17 13:00:00,13,-28.06,0.0,20.0,-0.0
2026-08-17 14:00:00,14,-32.65,0.0,20.0,-0.0
2026-08-17 15:00:00,15,-10.57,0.0,20.0,-0.0
2026-08-17 16:00:00,16,-18.24,0.0,20.0,-0.0
2026-08-17 17:00:00,17,7.92,0.0,20.0,0.0
2026-08-17 18:00:00,18,33.54,0.0,20.0,0.0
2026-08-17 19:00:00,19,70.08,0.0,20.0,0.0
2026-08-17 20:00:00,20,67.34,0.0,20.0,0.0
2026-08-17 21:00:00,21,77.22,10.0,9.339964182219479,772.2
2026-08-17 22:00:00,22,65.07,0.0,9.339964182219479,0.0
2026-08-17 23:00:00,23,73.9,0.0,9.339964182219479,0.0
2026-08-18 00:00:00,0,77.49,0.0,9.339964182219479,0.0
2026-08-18 01:00:00,1,82.19,0.0,9.339964182219479,0.0
2026-08-18 02:00:00,2,85.36,0.0,9.339964182219479,0.0
2026-08-18 03:00:00,3,72.3,0.0,9.339964182219479,0.0
2026-08-18 04:00:00,4,70.71,0.0,9.339964182219479,0.0
2026-08-18 05:00:00,5,94.92,0.0,9.339964182219479,0.0
2026-08-18 06:00:00,6,54.05,0.0,9.339964182219479,0.0
2026-08-18 07:00:00,7,27.48,0.0,9.339964182219479,0.0
2026-08-18 08:00:00,8,30.47,0.0,9.339964182219479,0.0
2026-08-18 09:00:00,9,6.74,0.0,9.339964182219479,0.0
2026-08-18 10:00:00,10,6.65,0.0,9.339964182219479,0.0
2026-08-18 11:00:00,11,-6.81,-10.0,18.720795701866336,68.1
2026-08-18 12:00:00,12,8.81,0.0,18.720795701866336,0.0
2026-08-18 13:00:00,13,10.35,0.0,18.720795701866336,0.0
2026-08-18 14:00:00,14,2.55,-1.3636363636363646,20.0,-3.4772727272727297
2026-08-18 15:00:00,15,24.54,0.0,20.0,0.0
2026-08-18 16:00:00,16,37.79,0.0,20.0,0.0
2026-08-18 17:00:00,17,62.55,0.0,20.0,0.0
2026-08-18 18:00:00,18,65.33,0.0,20.0,0.0
2026-08-18 19:00:00,19,115.29,10.0,9.339964182219479,1152.9
2026-08-18 20:00:00,20,119.94,6.885496735364347,2.0,825.8464784395998
2026-08-18 21:00:00,21,99.04,0.0,2.0,0.0
2026-08-18 22:00:00,22,105.22,0.0,2.0,0.0
2026-08-18 23:00:00,23,99.91,0.0,2.0,0.0
2026-08-19 00:00:00,0,115.55,0.0,2.0,0.0
2026-08-19 01:00:00,1,124.86,0.0,2.0,0.0
2026-08-19 02:00:00,2,132.5,0.0,2.0,0.0
2026-08-19 03:00:00,3,122.36,0.0,2.0,0.0
2026-08-19 04:00:00,4,136.02,4.165926057296536e-16,1.9999999999999996,5.666492623134749e-14
2026-08-19 05:00:00,5,113.1,0.0,1.9999999999999996,0.0
2026-08-19 06:00:00,6,76.53,0.0,1.9999999999999996,0.0
2026-08-19 07:00:00,7,71.0,0.0,1.9999999999999996,0.0
2026-08-19 08:00:00,8,58.23,0.0,1.9999999999999996,0.0
2026-08-19 09:00:00,9,41.65,0.0,1.9999999999999996,0.0
2026-08-19 10:00:00,10,15.69,-10.0,11.38083151964686,-156.9
2026-08-19 11:00:00,11,25.76,0.0,11.38083151964686,0.0
2026-08-19 12:00:00,12,14.43,-9.188064472004939,20.0,-132.58377033103127
2026-08-19 13:00:00,13,32.85,0.0,20.0,0.0
2026-08-19 14:00:00,14,37.2,0.0,20.0,0.0
2026-08-19 15:00:00,15,37.44,0.0,20.0,0.0
2026-08-19 16:00:00,16,55.1,0.0,20.0,0.0
2026-08-19 17:00:00,17,68.02,0.0,20.0,0.0
2026-08-19 18:00:00,18,95.68,0.0,20.0,0.0
2026-08-19 19:00:00,19,138.76,10.0,9.339964182219479,1387.6
2026-08-19 20:00:00,20,123.03,0.0,9.339964182219479,0.0
2026-08-19 21:00:00,21,134.65,0.0,9.339964182219479,0.0
2026-08-19 22:00:00,22,125.98,0.0,9.339964182219479,0.0
2026-08-19 23:00:00,23,123.4,0.0,9.339964182219479,0.0
2026-08-20 00:00:00,0,128.3,6.885496735364347,2.0,883.4092311472458
2026-08-20 01:00:00,1,120.21,0.0,2.0,0.0
2026-08-20 02:00:00,2,123.3,0.0,2.0,0.0
2026-08-20 03:00:00,3,117.3,0.0,2.0,0.0
2026-08-20 04:00:00,4,141.68,4.165926057296536e-16,1.9999999999999996,5.902284037977732e-14
2026-08-20 05:00:00,5,125.23,0.0,1.9999999999999996,0.0
2026-08-20 06:00:00,6,83.21,0.0,1.9999999999999996,0.0
2026-08-20 07:00:00,7,69.66,0.0,1.9999999999999996,0.0
2026-08-20 08:00:00,8,48.61,0.0,1.9999999999999996,0.0
2026-08-20 09:00:00,9,32.36,0.0,1.9999999999999996,0.0
2026-08-20 10:00:00,10,27.25,0.0,1.9999999999999996,0.0
2026-08-20 11:00:00,11,20.56,0.0,1.9999999999999996,0.0
2026-08-20 12:00:00,12,6.6,-10.0,11.38083151964686,-66.0
2026-08-20 13:00:00,13,6.85,0.0,11.38083151964686,0.0
2026-08-20 14:00:00,14,14.07,0.0,11.38083151964686,0.0
2026-08-20 15:00:00,15,6.63,-9.188064472004939,20.0,-60.91686744939275
2026-08-20 16:00:00,16,25.31,0.0,20.0,0.0
2026-08-20 17:00:00,17,63.85,0.0,20.0,0.0
2026-08-20 18:00:00,18,84.02,0.0,20.0,0.0
2026-08-20 19:00:00,19,102.14,0.0,20.0,0.0
2026-08-20 20:00:00,20,106.95,0.0,20.0,0.0
2026-08-20 21:00:00,21,103.01,0.0,20.0,0.0
2026-08-20 22:00:00,22,123.33,0.0,20.0,0.0
2026-08-20 23:00:00,23,105.82,0.0,20.0,0.0
2026-08-21 00:00:00,0,94.0,10.0,9.339964182219479,940.0
2026-08-21 01:00:00,1,85.55,0.0,9.339964182219479,0.0
2026-08-21 02:00:00,2,78.52,0.0,9.339964182219479,0.0
2026-08-21 03:00:00,3,91.19,6.885496735364347,2.0,627.8884472978748
2026-08-21 04:00:00,4,81.72,0.0,2.0,0.0
2026-08-21 05:00:00,5,74.63,0.0,2.0,0.0
2026-08-21 06:00:00,6,44.04,0.0,2.0,0.0
2026-08-21 07:00:00,7,19.16,0.0,2.0,0.0
2026-08-21 08:00:00,8,22.43,0.0,2.0,0.0
2026-08-21 09:00:00,9,0.3,0.0,2.0,0.0
2026-08-21 10:00:00,10,-18.82,0.0,2.0,-0.0
2026-08-21 11:00:00,11,-14.85,0.0,2.0,-0.0
2026-08-21 12:00:00,12,-29.7,-10.0,11.38083151964686,297.0
2026-08-21 13:00:00,13,-36.47,-9.188064472004939,20.0,335.08871129402013
2026-08-21 14:00:00,14,-12.34,0.0,20.0,-0.0
2026-08-21 15:00:00,15,-11.08,0.0,20.0,-0.0
2026-08-21 16:00:00,16,-10.84,0.0,20.0,-0.0
2026-08-21 17:00:00,17,12.0,0.0,20.0,0.0
2026-08-21 18:00:00,18,25.16,0.0,20.0,0.0
2026-08-21 19:00:00,19,55.16,0.0,20.0,0.0
2026-08-21 20:00:00,20,72.73,0.0,20.0,0.0
2026-08-21 21:00:00,21,79.78,0.0,20.0,0.0
2026-08-21 22:00:00,22,52.59,0.0,20.0,0.0
2026-08-21 23:00:00,23,67.64,0.0,20.0,0.0
2026-08-22 00:00:00,0,25.88,0.0,20.0,0.0
2026-08-22 01:00:00,1,26.74,0.0,20.0,0.0
2026-08-22 02:00:00,2,25.53,0.0,20.0,0.0
2026-08-22 03:00:00,3,23.09,0.0,20.0,0.0
2026-08-22 04:00:00,4,30.22,0.0,20.0,0.0
2026-08-22 05:00:00,5,23.11,0.0,20.0,0.0
2026-08-22 06:00:00,6,-3.11,0.0,20.0,-0.0
2026-08-22 07:00:00,7,-27.98,0.0,20.0,-0.0
2026-08-22 08:00:00,8,-49.01,0.0,20.0,-0.0
2026-08-22 09:00:00,9,-70.29,0.0,20.0,-0.0
2026-08-22 10:00:00,10,-79.33,0.0,20.0,-0.0
2026-08-22 11:00:00,11,-75.63,0.0,20.0,-0.0
2026-08-22 12:00:00,12,-79.6,0.0,20.0,-0.0
2026-08-22 13:00:00,13,-88.23,0.0,20.0,-0.0
2026-08-22 14:00:00,14,-71.4,0.0,20.0,-0.0
2026-08-22 15:00:00,15,-53.24,0.0,20.0,-0.0
2026-08-22 16:00:00,16,-55.43,0.0,20.0,-0.0
2026-08-22 17:00:00,17,-16.98,0.0,20.0,-0.0
2026-08-22 18:00:00,18,-3.11,0.0,20.0,-0.0
2026-08-22 19:00:00,19,42.97,10.0,9.339964182219479,429.7
2026-08-22 20:00:00,20,33.55,0.0,9.339964182219479,0.0
2026-08-22 21:00:00,21,26.53,0.0,9.339964182219479,0.0
2026-08-22 22:00:00,22,29.32,0.0,9.339964182219479,0.0
2026-08-22 23:00:00,23,44.17,6.885496735364347,2.0,304.13239080104324
2026-08-23 00:00:00,0,47.36,0.0,2.0,0.0
2026-08-23 01:00:00,1,39.6,0.0,2.0,0.0
2026-08-23 02:00:00,2,53.54,0.0,2.0,0.0
2026-08-23 03:00:00,3,36.79,0.0,2.0,0.0
2026-08-23 04:00:00,4,51.23,0.0,2.0,0.0
2026-08-23 05:00:00,5,43.8,0.0,2.0,0.0
2026-08-23 06:00:00,6,14.97,0.0,2.0,0.0
2026-08-23 07:00:00,7,-0.07,0.0,2.0,-0.0
2026-08-23 08:00:00,8,-25.27,0.0,2.0,-0.0
2026-08-23 09:00:00,9,-35.89,0.0,2.0,-0.0
2026-08-23 10:00:00,10,-35.02,0.0,2.0,-0.0
2026-08-23 11:00:00,11,-53.31,-10.0,11.38083151964686,533.1
2026-08-23 12:00:00,12,-42.69,0.0,11.38083151964686,-0.0
2026-08-23 13:00:00,13,-54.06,-9.188064472004939,20.0,496.706765356587
2026-08-23 14:00:00,14,-31.51,0.0,20.0,-0.0
2026-08-23 15:00:00,15,-10.32,0.0,20.0,-0.0
2026-08-23 16:00:00,16,-23.6,0.0,20.0,-0.0
2026-08-23 17:00:00,17,11.3,0.0,20.0,0.0
2026-08-23 18:00:00,18,46.45,0.0,20.0,0.0
2026-08-23 19:00:00,19,76.96,0.0,20.0,0.0
2026-08-23 20:00:00,20,83.22,0.0,20.0,0.0
2026-08-23 21:00:00,21,77.04,0.0,20.0,0.0
2026-08-23 22:00:00,22,84.14,10.0,9.339964182219479,841.4
2026-08-23 23:00:00,23,83.73,6.885496735364347,2.0,576.5226416520568
2026-08-24 00:00:00,0,127.29,0.0,2.0,0.0
2026-08-24 01:00:00,1,121.39,0.0,2.0,0.0
2026-08-24 02:00:00,2,123.4,0.0,2.0,0.0
2026-08-24 03:00:00,3,118.68,0.0,2.0,0.0
2026-08-24 04:00:00,4,119.29,0.0,2.0,0.0
2026-08-24 05:00:00,5,120.86,0.0,2.0,0.0
2026-08-24 06:00:00,6,93.49,0.0,2.0,0.0
2026-08-24 07:00:00,7,68.24,0.0,2.0,0.0
2026-08-24 08:00:00,8,57.62,0.0,2.0,0.0
2026-08-24 09:00:00,9,58.65,0.0,2.0,0.0
2026-08-24 10:00:00,10,39.31,0.0,2.0,0.0
2026-08-24 11:00:00,11,23.96,-10.0,11.38083151964686,-239.60000000000002
2026-08-24 12:00:00,12,34.56,0.0,11.38083151964686,0.0
2026-08-24 13:00:00,13,24.3,0.0,11.38083151964686,0.0
2026-08-24 14:00:00,14,18.01,-9.188064472004939,20.0,-165.47704114080898
2026-08-24 15:00:00,15,36.94,0.0,20.0,0.0
2026-08-24 16:00:00,16,44.26,0.0,20.0,0.0
2026-08-24 17:00:00,17,73.69,0.0,20.0,0.0
2026-08-24 18:00:00,18,96.32,0.0,20.0,0.0
2026-08-24 19:00:00,19,144.51,10.0,9.339964182219479,1445.1
2026-08-24 20:00:00,20,133.49,0.0,9.339964182219479,0.0
2026-08-24 21:00:00,21,128.81,0.0,9.339964182219479,0.0
2026-08-24 22:00:00,22,136.79,6.885496735364347,2.0,941.867098430489
2026-08-24 23:00:00,23,111.96,0.0,2.0,0.0
2026-08-25 00:00:00,0,130.94,0.0,2.0,0.0
2026-08-25 01:00:00,1,134.54,4.165926057296536e-16,1.9999999999999996,5.6048369174867594e-14
2026-08-25 02:00:00,2,115.77,0.0,1.9999999999999996,0.0
2026-08-25 03:00:00,3,135.89,0.0,1.9999999999999996,0.0
2026-08-25 04:00:00,4,128.5,0.0,1.9999999999999996,0.0
2026-08-25 05:00:00,5,121.45,0.0,1.9999999999999996,0.0
2026-08-25 06:00:00,6,93.68,0.0,1.9999999999999996,0.0
2026-08-25 07:00:00,7,85.91,0.0,1.9999999999999996,0.0
2026-08-25 08:00:00,8,50.75,0.0,1.9999999999999996,0.0
2026-08-25 09:00:00,9,35.89,0.0,1.9999999999999996,0.0
2026-08-25 10:00:00,10,18.43,0.0,1.9999999999999996,0.0
2026-08-25 11:00:00,11,7.45,-10.0,11.38083151964686,-74.5
2026-08-25 12:00:00,12,17.23,0.0,11.38083151964686,0.0
2026-08-25 13:00:00,13,4.35,-9.188064472004939,20.0,-39.96808045322148
2026-08-25 14:00:00,14,16.57,0.0,20.0,0.0
2026-08-25 15:00:00,15,20.95,0.0,20.0,0.0
2026-08-25 16:00:00,16,40.98,0.0,20.0,0.0
2026-08-25 17:00:00,17,55.29,0.0,20.0,0.0
2026-08-25 18:00:00,18,78.87,0.0,20.0,0.0
2026-08-25 19:00:00,19,99.76,0.0,20.0,0.0
2026-08-25 20:00:00,20,99.88,0.0,20.0,0.0
2026-08-25 21:00:00,21,92.39,0.0,20.0,0.0
2026-08-25 22:00:00,22,94.84,0.0,20.0,0.0
2026-08-25 23:00:00,23,99.57,0.0,20.0,0.0
2026-08-26 00:00:00,0,100.78,10.0,9.339964182219479,1007.8
2026-08-26 01:00:00,1,85.51,0.0,9.339964182219479,0.0
2026-08-26 02:00:00,2,98.03,0.0,9.339964182219479,0.0
2026-08-26 03:00:00,3,100.11,0.0,9.339964182219479,0.0
2026-08-26 04:00:00,4,90.78,0.0,9.339964182219479,0.0
2026-08-26 05:00:00,5,100.73,6.885496735364347,2.0,693.5760861532507
2026-08-26 06:00:00,6,42.74,0.0,2.0,0.0
2026-08-26 07:00:00,7,17.57,0.0,2.0,0.0
2026-08-26 08:00:00,8,-5.57,0.0,2.0,-0.0
2026-08-26 09:00:00,9,4.95,0.0,2.0,0.0
2026-08-26 10:00:00,10,-13.78,0.0,2.0,-0.0
2026-08-26 11:00:00,11,-27.38,0.0,2.0,-0.0
2026-08-26 12:00:00,12,-28.32,-10.0,11.38083151964686,283.2
2026-08-26 13:00:00,13,-38.81,-9.188064472004939,20.0,356.5887821585117
2026-08-26 14:00:00,14,-5.18,0.0,20.0,-0.0
2026-08-26 15:00:00,15,-14.56,0.0,20.0,-0.0
2026-08-26 16:00:00,16,-1.86,0.0,20.0,-0.0
2026-08-26 17:00:00,17,19.15,0.0,20.0,0.0
2026-08-26 18:00:00,18,35.84,0.0,20.0,0.0
2026-08-26 19:00:00,19,67.86,0.0,20.0,0.0
2026-08-26 20:00:00,20,58.86,0.0,20.0,0.0
2026-08-26 21:00:00,21,68.15,0.0,20.0,0.0
2026-08-26 22:00:00,22,78.72,0.0,20.0,0.0
2026-08-26 23:00:00,23,73.8,0.0,20.0,0.0
2026-08-27 00:00:00,0,75.25,10.0,9.339964182219479,752.5
2026-08-27 01:00:00,1,57.98,0.0,9.339964182219479,0.0
2026-08-27 02:00:00,2,53.8,0.0,9.339964182219479,0.0
2026-08-27 03:00:00,3,60.46,0.0,9.339964182219479,0.0
2026-08-27 04:00:00,4,61.76,0.0,9.339964182219479,0.0
2026-08-27 05:00:00,5,70.0,0.0,9.339964182219479,0.0
2026-08-27 06:00:00,6,12.7,0.0,9.339964182219479,0.0
2026-08-27 07:00:00,7,18.91,0.0,9.339964182219479,0.0
2026-08-27 08:00:00,8,-11.57,0.0,9.339964182219479,-0.0
2026-08-27 09:00:00,9,-27.46,0.0,9.339964182219479,-0.0
2026-08-27 10:00:00,10,-42.15,-10.0,18.720795701866336,421.5
2026-08-27 11:00:00,11,-53.18,-1.3636363636363646,20.0,72.51818181818187
2026-08-27 12:00:00,12,-34.92,0.0,20.0,-0.0
2026-08-27 13:00:00,13,-38.06,0.0,20.0,-0.0
2026-08-27 14:00:00,14,-41.78,0.0,20.0,-0.0
2026-08-27 15:00:00,15,-30.54,0.0,20.0,-0.0
2026-08-27 16:00:00,16,-7.85,0.0,20.0,-0.0
2026-08-27 17:00:00,17,26.42,0.0,20.0,0.0
2026-08-27 18:00:00,18,31.8,0.0,20.0,0.0
2026-08-27 19:00:00,19,58.09,0.0,20.0,0.0
2026-08-27 20:00:00,20,69.4,0.0,20.0,0.0
2026-08-27 21:00:00,21,70.51,0.0,20.0,0.0
2026-08-27 22:00:00,22,52.5,0.0,20.0,0.0
2026-08-27 23:00:00,23,75.09,10.0,9.339964182219479,750.9000000000001
2026-08-28 00:00:00,0,75.19,0.0,9.339964182219479,0.0
2026-08-28 01:00:00,1,84.17,0.0,9.339964182219479,0.0
2026-08-28 02:00:00,2,95.0,0.0,9.339964182219479,0.0
2026-08-28 03:00:00,3,90.87,0.0,9.339964182219479,0.0
2026-08-28 04:00:00,4,81.4,0.0,9.339964182219479,0.0
2026-08-28 05:00:00,5,76.42,0.0,9.339964182219479,0.0
2026-08-28 06:00:00,6,72.57,0.0,9.339964182219479,0.0
2026-08-28 07:00:00,7,34.54,0.0,9.339964182219479,0.0
2026-08-28 08:00:00,8,18.78,0.0,9.339964182219479,0.0
2026-08-28 09:00:00,9,6.23,0.0,9.339964182219479,0.0
2026-08-28 10:00:00,10,-0.59,0.0,9.339964182219479,-0.0
2026-08-28 11:00:00,11,-7.9,-10.0,18.720795701866336,79.0
2026-08-28 12:00:00,12,-11.66,-1.3636363636363646,20.0,15.900000000000013
2026-08-28 13:00:00,13,-7.45,0.0,20.0,-0.0
2026-08-28 14:00:00,14,4.88,0.0,20.0,0.0
2026-08-28 15:00:00,15,13.02,0.0,20.0,0.0
2026-08-28 16:00:00,16,27.52,0.0,20.0,0.0
2026-08-28 17:00:00,17,53.04,0.0,20.0,0.0
2026-08-28 18:00:00,18,71.58,0.0,20.0,0.0
2026-08-28 19:00:00,19,122.4,10.0,9.339964182219479,1224.0
2026-08-28 20:00:00,20,90.82,0.0,9.339964182219479,0.0
2026-08-28 21:00:00,21,122.37,0.0,9.339964182219479,0.0
2026-08-28 22:00:00,22,125.18,6.885496735364347,2.0,861.926481332909
2026-08-28 23:00:00,23,100.14,0.0,2.0,0.0
2026-08-29 00:00:00,0,83.94,0.0,2.0,0.0
2026-08-29 01:00:00,1,85.11,0.0,2.0,0.0
2026-08-29 02:00:00,2,78.16,0.0,2.0,0.0
2026-08-29 03:00:00,3,84.46,0.0,2.0,0.0
2026-08-29 04:00:00,4,83.0,0.0,2.0,0.0
2026-08-29 05:00:00,5,107.02,4.165926057296536e-16,1.9999999999999996,4.458374066518753e-14
2026-08-29 06:00:00,6,66.48,0.0,1.9999999999999996,0.0
2026-08-29 07:00:00,7,47.72,0.0,1.9999999999999996,0.0
2026-08-29 08:00:00,8,24.46,0.0,1.9999999999999996,0.0
2026-08-29 09:00:00,9,-5.79,0.0,1.9999999999999996,-0.0
2026-08-29 10:00:00,10,-12.33,-10.0,11.38083151964686,123.3
2026-08-29 11:00:00,11,-11.06,0.0,11.38083151964686,-0.0
2026-08-29 12:00:00,12,-26.74,-9.188064472004939,20.0,245.68884398141205
2026-08-29 13:00:00,13,-8.31,0.0,20.0,-0.0
2026-08-29 14:00:00,14,-8.15,0.0,20.0,-0.0
2026-08-29 15:00:00,15,3.11,0.0,20.0,0.0
2026-08-29 16:00:00,16,28.19,0.0,20.0,0.0
2026-08-29 17:00:00,17,45.84,0.0,20.0,0.0
2026-08-29 18:00:00,18,61.77,0.0,20.0,0.0
2026-08-29 19:00:00,19,108.84,10.0,9.339964182219479,1088.4
2026-08-29 20:00:00,20,90.68,0.0,9.339964182219479,0.0
2026-08-29 21:00:00,21,103.93,0.0,9.339964182219479,0.0
2026-08-29 22:00:00,22,103.32,0.0,9.339964182219479,0.0
2026-08-29 23:00:00,23,95.58,0.0,9.339964182219479,0.0
2026-08-30 00:00:00,0,100.06,0.0,9.339964182219479,0.0
2026-08-30 01:00:00,1,86.74,0.0,9.339964182219479,0.0
2026-08-30 02:00:00,2,103.35,6.885496735364347,2.0,711.6160875999052
2026-08-30 03:00:00,3,93.61,0.0,2.0,0.0
2026-08-30 04:00:00,4,89.95,0.0,2.0,0.0
2026-08-30 05:00:00,5,101.48,4.165926057296536e-16,1.9999999999999996,4.227581762944525e-14
2026-08-30 06:00:00,6,51.3,0.0,1.9999999999999996,0.0
2026-08-30 07:00:00,7,22.05,0.0,1.9999999999999996,0.0
2026-08-30 08:00:00,8,-0.13,0.0,1.9999999999999996,-0.0
2026-08-30 09:00:00,9,-0.4,0.0,1.9999999999999996,-0.0
2026-08-30 10:00:00,10,-28.97,-10.0,11.38083151964686,289.7
2026-08-30 11:00:00,11,-13.6,0.0,11.38083151964686,-0.0
2026-08-30 12:00:00,12,-48.32,-9.188064472004939,20.0,443.96727528727865
2026-08-30 13:00:00,13,-17.14,0.0,20.0,-0.0
2026-08-30 14:00:00,14,-23.18,0.0,20.0,-0.0
2026-08-30 15:00:00,15,-15.21,0.0,20.0,-0.0
2026-08-30 16:00:00,16,-4.25,0.0,20.0,-0.0
2026-08-30 17:00:00,17,21.31,0.0,20.0,0.0
2026-08-30 18:00:00,18,38.47,0.0,20.0,0.0
2026-08-30 19:00:00,19,80.86,0.0,20.0,0.0
2026-08-30 20:00:00,20,71.15,0.0,20.0,0.0
2026-08-30 21:00:00,21,69.62,0.0,20.0,0.0
2026-08-30 22:00:00,22,63.68,0.0,20.0,0.0
2026-08-30 23:00:00,23,64.29,0.0,20.0,0.0
